{"stats":{"minecraft:mined":{"minecraft:white_bed":4,"minecraft:kelp_plant":2,"minecraft:crafting_table":3,"minecraft:short_grass":43,"minecraft:grass_block":5,"minecraft:tall_grass":15,"minecraft:cobblestone":2,"minecraft:spruce_leaves":7,"minecraft:sugar_cane":5,"minecraft:kelp":2,"minecraft:spruce_log":11,"minecraft:birch_leaves":5,"minecraft:oak_log":22,"minecraft:coal_ore":40,"minecraft:dirt":10,"minecraft:stone":74,"minecraft:oak_leaves":8},"minecraft:broken":{"minecraft:wooden_axe":1},"minecraft:custom":{"minecraft:interact_with_furnace":4,"minecraft:mob_kills":5,"minecraft:interact_with_crafting_table":8,"minecraft:leave_game":2,"minecraft:time_since_death":3519,"minecraft:sleep_in_bed":4,"minecraft:time_since_rest":3596,"minecraft:sprint_one_cm":88743,"minecraft:damage_taken":1210,"minecraft:walk_one_cm":80982,"minecraft:drop":47,"minecraft:damage_dealt":1281,"minecraft:swim_one_cm":32325,"minecraft:fly_one_cm":161202,"minecraft:open_chest":4,"minecraft:crouch_one_cm":4551,"minecraft:play_time":51946,"minecraft:deaths":3,"minecraft:sneak_time":2859,"minecraft:walk_under_water_one_cm":23244,"minecraft:boat_one_cm":378681,"minecraft:jump":813,"minecraft:walk_on_water_one_cm":16801,"minecraft:total_world_time":51946,"minecraft:fall_one_cm":22866},"minecraft:used":{"minecraft:cooked_mutton":4,"minecraft:stone_pickaxe":83,"minecraft:wooden_pickaxe":46,"minecraft:sugar_cane":4,"minecraft:salmon":2,"minecraft:dirt":6,"minecraft:mutton":2,"minecraft:crafting_table":4,"minecraft:white_bed":5,"minecraft:cod":2,"minecraft:wooden_axe":22,"minecraft:apple":1,"minecraft:spruce_sapling":1,"minecraft:stone_axe":29,"minecraft:cobblestone":2,"minecraft:oak_boat":2,"minecraft:cooked_beef":1,"minecraft:kelp":6,"minecraft:gray_wool":1},"minecraft:dropped":{"minecraft:wheat_seeds":1,"minecraft:oak_log":2,"minecraft:cobblestone":21,"minecraft:white_bed":1,"minecraft:coal":4,"minecraft:cod":3,"minecraft:filled_map":1,"minecraft:dirt":7,"minecraft:wooden_pickaxe":2,"minecraft:iron_pickaxe":3,"minecraft:iron_shovel":1,"minecraft:fishing_rod":1},"minecraft:picked_up":{"minecraft:wooden_axe":1,"minecraft:crafting_table":3,"minecraft:cooked_beef":2,"minecraft:salmon":4,"minecraft:leather":1,"minecraft:wooden_pickaxe":1,"minecraft:filled_map":1,"minecraft:oak_log":22,"minecraft:dirt":15,"minecraft:cooked_mutton":4,"minecraft:pufferfish":1,"minecraft:apple":1,"minecraft:kelp":9,"minecraft:wheat_seeds":6,"minecraft:stone_pickaxe":1,"minecraft:beef":2,"minecraft:oak_boat":2,"minecraft:iron_pickaxe":2,"minecraft:sugar_cane":6,"minecraft:oak_planks":16,"minecraft:torch":2,"minecraft:spruce_sapling":1,"minecraft:white_bed":6,"minecraft:spruce_log":11,"minecraft:gray_wool":1,"minecraft:oak_sapling":6,"minecraft:cod":9,"minecraft:mutton":6,"minecraft:coal":42,"minecraft:white_wool":3,"minecraft:cobblestone":83},"minecraft:crafted":{"minecraft:oak_planks":16,"minecraft:crafting_table":1,"minecraft:wooden_pickaxe":1,"minecraft:stone_axe":1,"minecraft:stick":12,"minecraft:iron_ingot":1,"minecraft:iron_pickaxe":2,"minecraft:stone_pickaxe":1,"minecraft:iron_shovel":1,"minecraft:white_bed":1},"minecraft:killed":{"minecraft:sheep":3,"minecraft:drowned":1,"minecraft:cow":1},"minecraft:killed_by":{"minecraft:player":2}},"DataVersion":3955}