{"stats":{"minecraft:used":{"minecraft:bamboo":5},"minecraft:custom":{"minecraft:time_since_rest":29,"minecraft:damage_taken":3486,"minecraft:crouch_one_cm":862,"minecraft:play_time":7126,"minecraft:deaths":12,"minecraft:sprint_one_cm":6911,"minecraft:walk_one_cm":15929,"minecraft:sneak_time":208,"minecraft:walk_under_water_one_cm":10796,"minecraft:mob_kills":2,"minecraft:drop":4,"minecraft:jump":103,"minecraft:damage_dealt":188,"minecraft:leave_game":2,"minecraft:time_since_death":0,"minecraft:walk_on_water_one_cm":72699,"minecraft:climb_one_cm":2904,"minecraft:total_world_time":7126,"minecraft:swim_one_cm":17422,"minecraft:fall_one_cm":4980,"minecraft:fly_one_cm":401161},"minecraft:dropped":{"minecraft:bone":4},"minecraft:killed_by":{"minecraft:ender_dragon":1,"minecraft:zombie":1,"minecraft:player":9},"minecraft:picked_up":{"minecraft:bone":4,"minecraft:feather":10,"minecraft:chicken":6,"minecraft:rotten_flesh":2,"minecraft:tropical_fish":2,"minecraft:leather":3,"minecraft:beef":4,"minecraft:porkchop":1,"minecraft:bone_meal":1,"minecraft:mace":3,"minecraft:bamboo":38,"minecraft:string":4}},"DataVersion":3955}