{"stats":{"minecraft:mined":{"minecraft:white_bed":1,"minecraft:spruce_log":11,"minecraft:birch_leaves":2,"minecraft:crafting_table":2,"minecraft:short_grass":29,"minecraft:oak_log":21,"minecraft:grass_block":3,"minecraft:coal_ore":40,"minecraft:dirt":9,"minecraft:tall_grass":6,"minecraft:cobblestone":2,"minecraft:spruce_leaves":7,"minecraft:stone":62,"minecraft:sugar_cane":1,"minecraft:oak_leaves":2},"minecraft:broken":{"minecraft:wooden_axe":1},"minecraft:custom":{"minecraft:time_since_rest":11288,"minecraft:interact_with_furnace":4,"minecraft:sprint_one_cm":32297,"minecraft:damage_taken":566,"minecraft:walk_one_cm":42368,"minecraft:mob_kills":4,"minecraft:drop":30,"minecraft:damage_dealt":609,"minecraft:swim_one_cm":13217,"minecraft:interact_with_crafting_table":5,"minecraft:fly_one_cm":45907,"minecraft:open_chest":1,"minecraft:crouch_one_cm":3427,"minecraft:play_time":20330,"minecraft:deaths":1,"minecraft:sneak_time":1388,"minecraft:walk_under_water_one_cm":7267,"minecraft:boat_one_cm":157809,"minecraft:jump":281,"minecraft:walk_on_water_one_cm":2387,"minecraft:time_since_death":18514,"minecraft:sleep_in_bed":1,"minecraft:total_world_time":20330,"minecraft:fall_one_cm":6728},"minecraft:used":{"minecraft:cooked_mutton":4,"minecraft:wooden_axe":22,"minecraft:stone_pickaxe":63,"minecraft:wooden_pickaxe":46,"minecraft:stone_axe":21,"minecraft:cobblestone":2,"minecraft:crafting_table":2,"minecraft:white_bed":1},"minecraft:dropped":{"minecraft:wheat_seeds":1,"minecraft:oak_log":2,"minecraft:cobblestone":21,"minecraft:wooden_pickaxe":2,"minecraft:coal":4},"minecraft:picked_up":{"minecraft:wooden_axe":1,"minecraft:crafting_table":2,"minecraft:cooked_beef":2,"minecraft:leather":1,"minecraft:wooden_pickaxe":1,"minecraft:oak_log":21,"minecraft:spruce_sapling":1,"minecraft:white_bed":1,"minecraft:spruce_log":11,"minecraft:dirt":12,"minecraft:cooked_mutton":4,"minecraft:apple":1,"minecraft:wheat_seeds":3,"minecraft:beef":2,"minecraft:gray_wool":1,"minecraft:oak_sapling":4,"minecraft:sugar_cane":2,"minecraft:mutton":6,"minecraft:oak_planks":16,"minecraft:coal":42,"minecraft:white_wool":3,"minecraft:cobblestone":61},"minecraft:crafted":{"minecraft:oak_planks":16,"minecraft:crafting_table":1,"minecraft:stick":8,"minecraft:wooden_pickaxe":1,"minecraft:stone_pickaxe":1,"minecraft:white_bed":1,"minecraft:stone_axe":1},"minecraft:killed_by":{"minecraft:player":1},"minecraft:killed":{"minecraft:sheep":3,"minecraft:cow":1}},"DataVersion":3955}