{"stats":{"minecraft:mined":{"minecraft:short_grass":24,"minecraft:oak_log":6,"minecraft:grass_block":3,"minecraft:coal_ore":40,"minecraft:dirt":9,"minecraft:cobblestone":2,"minecraft:stone":62},"minecraft:custom":{"minecraft:time_since_rest":6545,"minecraft:interact_with_furnace":4,"minecraft:sprint_one_cm":8264,"minecraft:damage_taken":431,"minecraft:walk_one_cm":23832,"minecraft:mob_kills":2,"minecraft:drop":30,"minecraft:damage_dealt":314,"minecraft:interact_with_crafting_table":2,"minecraft:fly_one_cm":11980,"minecraft:crouch_one_cm":3116,"minecraft:play_time":8330,"minecraft:deaths":1,"minecraft:sneak_time":1232,"minecraft:jump":105,"minecraft:time_since_death":6514,"minecraft:total_world_time":8330,"minecraft:fall_one_cm":1921},"minecraft:used":{"minecraft:cooked_mutton":2,"minecraft:wooden_axe":2,"minecraft:stone_pickaxe":63,"minecraft:wooden_pickaxe":46,"minecraft:cobblestone":2,"minecraft:crafting_table":1},"minecraft:dropped":{"minecraft:wheat_seeds":1,"minecraft:oak_log":2,"minecraft:cobblestone":21,"minecraft:wooden_pickaxe":2,"minecraft:coal":4},"minecraft:picked_up":{"minecraft:wooden_axe":1,"minecraft:wooden_pickaxe":1,"minecraft:oak_log":6,"minecraft:dirt":12,"minecraft:cooked_mutton":4,"minecraft:wheat_seeds":3,"minecraft:beef":1,"minecraft:mutton":4,"minecraft:oak_planks":16,"minecraft:coal":40,"minecraft:white_wool":2,"minecraft:cobblestone":61},"minecraft:crafted":{"minecraft:oak_planks":16,"minecraft:crafting_table":1,"minecraft:stick":4,"minecraft:wooden_pickaxe":1,"minecraft:stone_pickaxe":1},"minecraft:killed_by":{"minecraft:player":1},"minecraft:killed":{"minecraft:sheep":2}},"DataVersion":3955}