{"stats":{"minecraft:mined":{"minecraft:white_bed":3,"minecraft:kelp_plant":1,"minecraft:crafting_table":2,"minecraft:short_grass":29,"minecraft:grass_block":3,"minecraft:tall_grass":6,"minecraft:cobblestone":2,"minecraft:spruce_leaves":7,"minecraft:sugar_cane":3,"minecraft:kelp":2,"minecraft:spruce_log":11,"minecraft:birch_leaves":2,"minecraft:coal_ore":40,"minecraft:oak_log":21,"minecraft:dirt":9,"minecraft:stone":62,"minecraft:oak_leaves":2},"minecraft:broken":{"minecraft:wooden_axe":1},"minecraft:custom":{"minecraft:interact_with_furnace":4,"minecraft:mob_kills":5,"minecraft:interact_with_crafting_table":7,"minecraft:time_since_death":30514,"minecraft:sleep_in_bed":3,"minecraft:time_since_rest":10341,"minecraft:sprint_one_cm":35121,"minecraft:damage_taken":650,"minecraft:walk_one_cm":55611,"minecraft:drop":35,"minecraft:damage_dealt":987,"minecraft:swim_one_cm":18981,"minecraft:fly_one_cm":60433,"minecraft:open_chest":4,"minecraft:crouch_one_cm":4551,"minecraft:play_time":32330,"minecraft:deaths":1,"minecraft:sneak_time":1982,"minecraft:walk_under_water_one_cm":19941,"minecraft:boat_one_cm":252354,"minecraft:jump":394,"minecraft:walk_on_water_one_cm":7674,"minecraft:total_world_time":32330,"minecraft:fall_one_cm":9131},"minecraft:used":{"minecraft:cooked_mutton":4,"minecraft:stone_pickaxe":63,"minecraft:wooden_pickaxe":46,"minecraft:sugar_cane":2,"minecraft:dirt":3,"minecraft:crafting_table":3,"minecraft:white_bed":3,"minecraft:wooden_axe":22,"minecraft:stone_axe":28,"minecraft:cobblestone":2,"minecraft:oak_boat":1,"minecraft:cooked_beef":1,"minecraft:kelp":6,"minecraft:gray_wool":1},"minecraft:dropped":{"minecraft:wheat_seeds":1,"minecraft:oak_log":2,"minecraft:cobblestone":21,"minecraft:coal":4,"minecraft:cod":3,"minecraft:filled_map":1,"minecraft:wooden_pickaxe":2,"minecraft:fishing_rod":1},"minecraft:picked_up":{"minecraft:wooden_axe":1,"minecraft:crafting_table":2,"minecraft:cooked_beef":2,"minecraft:salmon":3,"minecraft:leather":1,"minecraft:wooden_pickaxe":1,"minecraft:filled_map":1,"minecraft:oak_log":21,"minecraft:dirt":12,"minecraft:cooked_mutton":4,"minecraft:apple":1,"minecraft:kelp":6,"minecraft:wheat_seeds":3,"minecraft:beef":2,"minecraft:oak_boat":1,"minecraft:sugar_cane":4,"minecraft:oak_planks":16,"minecraft:spruce_sapling":1,"minecraft:white_bed":3,"minecraft:spruce_log":11,"minecraft:gray_wool":1,"minecraft:oak_sapling":4,"minecraft:coal":42,"minecraft:mutton":6,"minecraft:cod":7,"minecraft:white_wool":3,"minecraft:cobblestone":61},"minecraft:crafted":{"minecraft:oak_planks":16,"minecraft:crafting_table":1,"minecraft:wooden_pickaxe":1,"minecraft:stone_axe":1,"minecraft:stick":8,"minecraft:iron_ingot":1,"minecraft:stone_pickaxe":1,"minecraft:white_bed":1},"minecraft:killed":{"minecraft:sheep":3,"minecraft:drowned":1,"minecraft:cow":1},"minecraft:killed_by":{"minecraft:player":1}},"DataVersion":3955}