{"stats":{"minecraft:used":{"minecraft:netherite_sword":23,"minecraft:mace":4,"minecraft:gravel":21,"minecraft:bow":48,"minecraft:netherite_leggings":1},"minecraft:custom":{"minecraft:time_since_rest":6165,"minecraft:sprint_one_cm":6523,"minecraft:damage_taken":718,"minecraft:walk_one_cm":9167,"minecraft:mob_kills":1,"minecraft:drop":10,"minecraft:damage_dealt":775,"minecraft:fly_one_cm":70032,"minecraft:player_kills":8,"minecraft:crouch_one_cm":474,"minecraft:play_time":11492,"minecraft:walk_under_water_one_cm":1454,"minecraft:deaths":3,"minecraft:sneak_time":523,"minecraft:jump":88,"minecraft:leave_game":1,"minecraft:time_since_death":6137,"minecraft:walk_on_water_one_cm":8444,"minecraft:total_world_time":11492,"minecraft:climb_one_cm":989,"minecraft:fall_one_cm":5347},"minecraft:dropped":{"minecraft:mace":2,"minecraft:wheat_seeds":3,"minecraft:azalea":18,"minecraft:arrow":128},"minecraft:killed_by":{"minecraft:player":2},"minecraft:killed":{"minecraft:zombie":1},"minecraft:picked_up":{"minecraft:stick":3,"minecraft:feather":33,"minecraft:chicken":28,"minecraft:brown_wool":1,"minecraft:glow_ink_sac":67,"minecraft:salmon":43,"minecraft:jungle_log":2,"minecraft:big_dripleaf":6,"minecraft:leather":8,"minecraft:gravel":75,"minecraft:porkchop":52,"minecraft:sand":23,"minecraft:mace":2,"minecraft:ink_sac":61,"minecraft:gunpowder":118,"minecraft:redstone":6,"minecraft:string":26,"minecraft:dirt":1,"minecraft:moss_carpet":92,"minecraft:arrow":226,"minecraft:bone":80,"minecraft:rotten_flesh":92,"minecraft:sugar":2,"minecraft:clay":1,"minecraft:apple":2,"minecraft:tropical_fish":34,"minecraft:wheat_seeds":31,"minecraft:beef":10,"minecraft:bone_meal":5,"minecraft:jungle_sapling":2,"minecraft:azalea":37,"minecraft:poppy":2,"minecraft:light_gray_wool":1,"minecraft:glass_bottle":2,"minecraft:bamboo":193,"minecraft:oak_sapling":2,"minecraft:moss_block":2,"minecraft:glow_berries":8,"minecraft:mutton":13,"minecraft:flowering_azalea":18,"minecraft:cod":2,"minecraft:white_wool":5,"minecraft:egg":3,"minecraft:ender_pearl":5}},"DataVersion":3955}