{"stats":{"minecraft:mined":{"minecraft:white_bed":4,"minecraft:furnace":1,"minecraft:lily_of_the_valley":1,"minecraft:spruce_log":28,"minecraft:crafting_table":1,"minecraft:short_grass":8,"minecraft:oak_log":23,"minecraft:spruce_leaves":3,"minecraft:oak_leaves":1},"minecraft:custom":{"minecraft:time_since_rest":11288,"minecraft:interact_with_furnace":16,"minecraft:sprint_one_cm":33955,"minecraft:damage_taken":204,"minecraft:walk_one_cm":48185,"minecraft:mob_kills":13,"minecraft:drop":12,"minecraft:damage_dealt":1510,"minecraft:swim_one_cm":13226,"minecraft:interact_with_crafting_table":9,"minecraft:fly_one_cm":61945,"minecraft:player_kills":1,"minecraft:open_chest":1,"minecraft:crouch_one_cm":1227,"minecraft:play_time":19375,"minecraft:sneak_time":336,"minecraft:walk_under_water_one_cm":5774,"minecraft:boat_one_cm":160364,"minecraft:jump":372,"minecraft:walk_on_water_one_cm":887,"minecraft:time_since_death":19375,"minecraft:sleep_in_bed":1,"minecraft:total_world_time":19375,"minecraft:fall_one_cm":11628},"minecraft:used":{"minecraft:cooked_mutton":2,"minecraft:wooden_axe":22,"minecraft:stone_pickaxe":2,"minecraft:stone_axe":52,"minecraft:white_wool":1,"minecraft:lily_of_the_valley":1,"minecraft:crafting_table":2,"minecraft:oak_sapling":1,"minecraft:furnace":1,"minecraft:oak_boat":1,"minecraft:white_bed":4,"minecraft:cooked_beef":1},"minecraft:dropped":{"minecraft:cooked_beef":2,"minecraft:wooden_axe":1,"minecraft:wooden_pickaxe":1,"minecraft:beef":1,"minecraft:cooked_mutton":4,"minecraft:white_wool":1,"minecraft:coal":2},"minecraft:picked_up":{"minecraft:stick":5,"minecraft:crafting_table":1,"minecraft:feather":3,"minecraft:chicken":3,"minecraft:leather":5,"minecraft:wooden_pickaxe":1,"minecraft:oak_log":25,"minecraft:spruce_sapling":3,"minecraft:spruce_log":28,"minecraft:white_bed":4,"minecraft:lily_of_the_valley":1,"minecraft:beef":9,"minecraft:oak_sapling":1,"minecraft:mutton":8,"minecraft:coal":4,"minecraft:white_wool":5,"minecraft:cobblestone":24,"minecraft:furnace":1},"minecraft:crafted":{"minecraft:cooked_beef":7,"minecraft:oak_boat":1,"minecraft:oak_planks":32,"minecraft:crafting_table":1,"minecraft:stick":4,"minecraft:stone_pickaxe":1,"minecraft:wooden_axe":1,"minecraft:furnace":1,"minecraft:white_bed":1,"minecraft:stone_axe":1,"minecraft:cooked_mutton":6,"minecraft:air":0},"minecraft:killed":{"minecraft:sheep":5,"minecraft:donkey":1,"minecraft:chicken":3,"minecraft:cow":4}},"DataVersion":3955}