{"stats":{"minecraft:mined":{"minecraft:white_bed":2,"minecraft:short_grass":8,"minecraft:oak_log":6},"minecraft:custom":{"minecraft:time_since_rest":7375,"minecraft:interact_with_furnace":15,"minecraft:sprint_one_cm":12539,"minecraft:damage_taken":164,"minecraft:walk_one_cm":28830,"minecraft:mob_kills":10,"minecraft:drop":7,"minecraft:damage_dealt":1170,"minecraft:interact_with_crafting_table":7,"minecraft:fly_one_cm":18659,"minecraft:player_kills":1,"minecraft:crouch_one_cm":395,"minecraft:play_time":7375,"minecraft:sneak_time":69,"minecraft:jump":151,"minecraft:time_since_death":7375,"minecraft:total_world_time":7375,"minecraft:fall_one_cm":4191},"minecraft:used":{"minecraft:cooked_mutton":2,"minecraft:wooden_axe":22,"minecraft:stone_pickaxe":1,"minecraft:crafting_table":1,"minecraft:furnace":1,"minecraft:white_bed":2},"minecraft:dropped":{"minecraft:wooden_axe":1,"minecraft:wooden_pickaxe":1,"minecraft:beef":1,"minecraft:cooked_mutton":4},"minecraft:picked_up":{"minecraft:stick":2,"minecraft:feather":3,"minecraft:chicken":3,"minecraft:leather":3,"minecraft:wooden_pickaxe":1,"minecraft:oak_log":8,"minecraft:white_bed":2,"minecraft:beef":7,"minecraft:mutton":6,"minecraft:coal":4,"minecraft:white_wool":4,"minecraft:cobblestone":24},"minecraft:crafted":{"minecraft:cooked_beef":5,"minecraft:oak_planks":32,"minecraft:crafting_table":1,"minecraft:stick":4,"minecraft:stone_pickaxe":1,"minecraft:wooden_axe":1,"minecraft:furnace":1,"minecraft:white_bed":1,"minecraft:stone_axe":1,"minecraft:cooked_mutton":6,"minecraft:air":0},"minecraft:killed":{"minecraft:sheep":4,"minecraft:chicken":3,"minecraft:cow":3}},"DataVersion":3955}