{"stats":{"minecraft:mined":{"minecraft:white_bed":5,"minecraft:lily_of_the_valley":1,"minecraft:crafting_table":1,"minecraft:short_grass":8,"minecraft:spruce_leaves":3,"minecraft:kelp":1,"minecraft:furnace":1,"minecraft:spruce_log":28,"minecraft:oak_log":23,"minecraft:gravel":1,"minecraft:mossy_stone_bricks":2,"minecraft:oak_leaves":1},"minecraft:custom":{"minecraft:interact_with_furnace":16,"minecraft:mob_kills":14,"minecraft:interact_with_crafting_table":9,"minecraft:time_since_death":31375,"minecraft:sleep_in_bed":2,"minecraft:time_since_rest":10341,"minecraft:sprint_one_cm":38001,"minecraft:damage_taken":282,"minecraft:walk_one_cm":55022,"minecraft:drop":16,"minecraft:damage_dealt":1750,"minecraft:swim_one_cm":29272,"minecraft:fly_one_cm":75981,"minecraft:player_kills":1,"minecraft:open_chest":3,"minecraft:crouch_one_cm":5982,"minecraft:play_time":31375,"minecraft:sneak_time":3575,"minecraft:walk_under_water_one_cm":17782,"minecraft:boat_one_cm":245069,"minecraft:jump":468,"minecraft:walk_on_water_one_cm":4136,"minecraft:fish_caught":8,"minecraft:total_world_time":31375,"minecraft:fall_one_cm":14577},"minecraft:used":{"minecraft:cooked_mutton":2,"minecraft:mossy_stone_bricks":2,"minecraft:stone_pickaxe":4,"minecraft:white_wool":1,"minecraft:lily_of_the_valley":1,"minecraft:crafting_table":2,"minecraft:white_bed":5,"minecraft:wooden_axe":22,"minecraft:map":1,"minecraft:gravel":1,"minecraft:stone_axe":58,"minecraft:fishing_rod":22,"minecraft:furnace":1,"minecraft:oak_sapling":1,"minecraft:oak_boat":1,"minecraft:cooked_beef":2},"minecraft:dropped":{"minecraft:cooked_beef":2,"minecraft:cooked_mutton":4,"minecraft:coal":2,"minecraft:cod":3,"minecraft:filled_map":1,"minecraft:wooden_axe":1,"minecraft:beef":1,"minecraft:wooden_pickaxe":1,"minecraft:white_wool":1},"minecraft:picked_up":{"minecraft:fishing_rod":1,"minecraft:crafting_table":1,"minecraft:feather":3,"minecraft:chicken":3,"minecraft:salmon":1,"minecraft:leather":5,"minecraft:wooden_pickaxe":1,"minecraft:oak_log":25,"minecraft:kelp":1,"minecraft:beef":9,"minecraft:mossy_stone_bricks":2,"minecraft:furnace":1,"minecraft:stick":5,"minecraft:gravel":1,"minecraft:spruce_sapling":3,"minecraft:white_bed":5,"minecraft:spruce_log":28,"minecraft:lily_of_the_valley":1,"minecraft:oak_sapling":1,"minecraft:cod":3,"minecraft:mutton":8,"minecraft:coal":4,"minecraft:white_wool":5,"minecraft:cobblestone":24},"minecraft:crafted":{"minecraft:cooked_beef":7,"minecraft:oak_planks":32,"minecraft:crafting_table":1,"minecraft:furnace":1,"minecraft:stone_axe":1,"minecraft:cooked_mutton":6,"minecraft:air":0,"minecraft:oak_boat":1,"minecraft:stick":4,"minecraft:stone_pickaxe":1,"minecraft:wooden_axe":1,"minecraft:white_bed":1},"minecraft:killed":{"minecraft:sheep":5,"minecraft:donkey":1,"minecraft:chicken":3,"minecraft:drowned":1,"minecraft:cow":4}},"DataVersion":3955}