{"stats":{"minecraft:mined":{"minecraft:white_bed":8,"minecraft:lily_of_the_valley":1,"minecraft:crafting_table":1,"minecraft:short_grass":17,"minecraft:tall_grass":2,"minecraft:cobblestone":6,"minecraft:spruce_leaves":3,"minecraft:kelp":1,"minecraft:diorite":1,"minecraft:hay_block":3,"minecraft:spruce_sapling":1,"minecraft:furnace":1,"minecraft:spruce_log":28,"minecraft:coal_ore":4,"minecraft:oak_log":23,"minecraft:dirt":1,"minecraft:gravel":1,"minecraft:stone":46,"minecraft:mossy_stone_bricks":2,"minecraft:oak_leaves":1},"minecraft:broken":{"minecraft:fishing_rod":1},"minecraft:custom":{"minecraft:interact_with_furnace":16,"minecraft:mob_kills":16,"minecraft:interact_with_crafting_table":9,"minecraft:leave_game":1,"minecraft:time_since_death":8235,"minecraft:sleep_in_bed":4,"minecraft:time_since_rest":4356,"minecraft:sprint_one_cm":79010,"minecraft:damage_taken":648,"minecraft:walk_one_cm":92207,"minecraft:drop":80,"minecraft:damage_dealt":2200,"minecraft:swim_one_cm":51261,"minecraft:fly_one_cm":189931,"minecraft:player_kills":2,"minecraft:open_chest":5,"minecraft:crouch_one_cm":10804,"minecraft:play_time":51646,"minecraft:deaths":1,"minecraft:sneak_time":5545,"minecraft:walk_under_water_one_cm":27896,"minecraft:boat_one_cm":356563,"minecraft:jump":902,"minecraft:walk_on_water_one_cm":13418,"minecraft:fish_caught":12,"minecraft:total_world_time":51646,"minecraft:fall_one_cm":29659,"minecraft:horse_one_cm":59},"minecraft:used":{"minecraft:cooked_mutton":2,"minecraft:mossy_stone_bricks":2,"minecraft:iron_shovel":1,"minecraft:stone_pickaxe":4,"minecraft:oak_planks":15,"minecraft:white_wool":1,"minecraft:torch":8,"minecraft:dirt":4,"minecraft:lily_of_the_valley":1,"minecraft:crafting_table":2,"minecraft:white_bed":7,"minecraft:wooden_axe":22,"minecraft:apple":3,"minecraft:iron_pickaxe":60,"minecraft:map":1,"minecraft:spruce_sapling":3,"minecraft:gravel":1,"minecraft:stone_axe":66,"minecraft:fishing_rod":59,"minecraft:hay_block":1,"minecraft:cobblestone":9,"minecraft:furnace":2,"minecraft:oak_sapling":1,"minecraft:potato":1,"minecraft:oak_boat":1,"minecraft:cooked_beef":4},"minecraft:dropped":{"minecraft:iron_ingot":2,"minecraft:stone_axe":1,"minecraft:kelp":1,"minecraft:wheat_seeds":2,"minecraft:golden_helmet":1,"minecraft:cooked_beef":4,"minecraft:feather":3,"minecraft:cooked_mutton":4,"minecraft:white_bed":3,"minecraft:salmon":3,"minecraft:coal":22,"minecraft:cod":8,"minecraft:stick":3,"minecraft:pufferfish":1,"minecraft:filled_map":1,"minecraft:diorite":1,"minecraft:wooden_axe":1,"minecraft:coast_armor_trim_smithing_template":2,"minecraft:oak_sapling":4,"minecraft:gold_nugget":5,"minecraft:stone_pickaxe":2,"minecraft:beef":1,"minecraft:wooden_pickaxe":1,"minecraft:white_wool":1,"minecraft:spruce_sapling":3},"minecraft:picked_up":{"minecraft:fishing_rod":1,"minecraft:crafting_table":1,"minecraft:wheat":3,"minecraft:feather":3,"minecraft:cooked_beef":1,"minecraft:chicken":3,"minecraft:salmon":4,"minecraft:leather":6,"minecraft:wooden_pickaxe":1,"minecraft:oak_log":40,"minecraft:lapis_lazuli":10,"minecraft:dirt":9,"minecraft:iron_shovel":1,"minecraft:pufferfish":2,"minecraft:kelp":4,"minecraft:wheat_seeds":2,"minecraft:gold_nugget":5,"minecraft:iron_ingot":2,"minecraft:beef":10,"minecraft:stone_pickaxe":2,"minecraft:mossy_stone_bricks":2,"minecraft:iron_pickaxe":2,"minecraft:sugar_cane":2,"minecraft:furnace":1,"minecraft:stick":5,"minecraft:torch":2,"minecraft:gravel":1,"minecraft:diorite":1,"minecraft:spruce_sapling":6,"minecraft:white_bed":9,"minecraft:spruce_log":39,"minecraft:lily_of_the_valley":1,"minecraft:stone_axe":2,"minecraft:hay_block":3,"minecraft:gold_ingot":3,"minecraft:oak_sapling":5,"minecraft:cod":9,"minecraft:mutton":12,"minecraft:coal":14,"minecraft:white_wool":5,"minecraft:cobblestone":119},"minecraft:crafted":{"minecraft:cooked_beef":7,"minecraft:oak_planks":100,"minecraft:crafting_table":1,"minecraft:furnace":1,"minecraft:stone_axe":1,"minecraft:cooked_mutton":6,"minecraft:air":0,"minecraft:oak_boat":1,"minecraft:stick":20,"minecraft:stone_pickaxe":1,"minecraft:wooden_axe":1,"minecraft:white_bed":1,"minecraft:torch":64},"minecraft:killed":{"minecraft:sheep":5,"minecraft:donkey":1,"minecraft:chicken":3,"minecraft:drowned":1,"minecraft:turtle":2,"minecraft:cow":4}},"DataVersion":3955}