{"stats":{"minecraft:crafted":{"minecraft:oak_planks":16,"minecraft:crafting_table":1,"minecraft:stick":4,"minecraft:wooden_axe":1,"minecraft:jungle_planks":16},"minecraft:used":{"minecraft:wooden_axe":14,"minecraft:armadillo_spawn_egg":167,"minecraft:crafting_table":1,"minecraft:repeating_command_block":2},"minecraft:custom":{"minecraft:time_since_rest":8409,"minecraft:sprint_one_cm":3000,"minecraft:damage_taken":167,"minecraft:walk_one_cm":25099,"minecraft:damage_dealt":484,"minecraft:player_kills":3,"minecraft:swim_one_cm":1438,"minecraft:interact_with_crafting_table":4,"minecraft:fly_one_cm":97027,"minecraft:crouch_one_cm":210,"minecraft:play_time":8409,"minecraft:sneak_time":227,"minecraft:walk_under_water_one_cm":171,"minecraft:jump":87,"minecraft:leave_game":1,"minecraft:walk_on_water_one_cm":9479,"minecraft:time_since_death":8409,"minecraft:climb_one_cm":1324,"minecraft:total_world_time":8409,"minecraft:fall_one_cm":1717},"minecraft:picked_up":{"minecraft:feather":9,"minecraft:chicken":4,"minecraft:glow_ink_sac":16,"minecraft:jungle_log":4,"minecraft:salmon":3,"minecraft:leather":4,"minecraft:gravel":5,"minecraft:porkchop":14,"minecraft:sand":8,"minecraft:oak_log":4,"minecraft:ink_sac":10,"minecraft:gunpowder":8,"minecraft:dirt":4,"minecraft:string":3,"minecraft:moss_carpet":8,"minecraft:bone":14,"minecraft:arrow":16,"minecraft:rotten_flesh":6,"minecraft:tropical_fish":20,"minecraft:wheat_seeds":2,"minecraft:beef":12,"minecraft:bone_meal":1,"minecraft:azalea":1,"minecraft:bamboo":58,"minecraft:mutton":4,"minecraft:white_wool":3,"minecraft:ender_pearl":1},"minecraft:mined":{"minecraft:grass_block":1,"minecraft:oak_log":4,"minecraft:vine":1,"minecraft:jungle_log":4,"minecraft:dirt":3,"minecraft:oak_leaves":1,"minecraft:fern":1}},"DataVersion":3955}